participant_id,age,gender,group,education,sleep_hours,stress_level,reaction_time_ms,memory_score,attention_score,session_date,city
1,22,M,kontrolna,magister,9.0,10,420.6,62.4,50.0,2025-12-20,Szczecin
2,38,K,kontrolna,licencjat,5.0,1,519.3,76.0,52.4,2025-12-14,Lodz
3,30,M,kontrolna,magister,,9,535.4,68.4,70.2,2025-12-07,Poznan
4,32,K,eksperymentalna,magister,7.3,2,437.1,59.3,81.3,2025-12-26,Szczecin
5,37,M,kontrolna,licencjat,8.3,1,660.6,77.1,67.7,2025-11-28,Szczecin
6,22,M,eksperymentalna,magister,9.3,9,411.4,70.8,80.1,2025-11-20,Szczecin
7,27,K,kontrolna,srednie,8.9,8,624.2,49.6,64.5,2025-12-15,Szczecin
8,32,K,eksperymentalna,licencjat,9.1,2,573.7,66.1,83.4,2025-12-03,Poznan
9,34,K,eksperymentalna,doktorat,6.4,4,528.7,59.4,65.9,2025-11-01,Szczecin
10,25,K,kontrolna,magister,8.3,5,564.5,66.9,57.6,2025-11-10,Warszawa
11,34,K,kontrolna,licencjat,5.2,10,631.7,48.8,71.6,2025-11-09,Poznan
12,25,M,kontrolna,doktorat,,2,623.9,81.5,73.3,2025-11-23,Warszawa
13,33,M,kontrolna,licencjat,6.8,10,576.6,56.5,49.9,2025-11-22,Szczecin
14,31,K,kontrolna,magister,5.4,9,548.9,62.1,57.7,2025-12-26,Wroclaw
15,35,K,kontrolna,srednie,8.7,7,545.0,84.3,77.2,2025-11-12,Lodz
16,32,M,eksperymentalna,srednie,7.1,8,468.4,78.8,78.1,2025-12-21,Poznan
17,21,M,eksperymentalna,licencjat,8.4,3,606.8,75.0,81.7,2025-12-07,Wroclaw
18,37,K,eksperymentalna,licencjat,7.9,3,621.0,82.0,77.8,2025-11-28,Gdansk
19,24,K,eksperymentalna,licencjat,8.7,,575.9,72.6,72.2,2025-12-26,Poznan
20,19,M,kontrolna,srednie,7.3,6,574.2,65.0,78.7,2025-12-11,Warszawa
21,33,M,kontrolna,magister,8.8,5,402.0,91.0,61.4,2025-11-28,Warszawa
22,22,M,eksperymentalna,licencjat,9.0,9,638.8,76.4,66.2,2025-11-04,Krakow
23,35,M,eksperymentalna,srednie,7.4,6,458.7,74.6,70.5,2025-12-20,Gdansk
24,36,M,eksperymentalna,magister,5.6,1,406.4,69.9,81.7,2025-11-17,Lodz
25,24,K,eksperymentalna,licencjat,7.1,6,682.8,75.4,61.4,2025-11-04,Wroclaw
26,31,M,kontrolna,licencjat,5.9,4,514.4,60.4,75.1,2025-11-30,Szczecin
27,24,M,kontrolna,licencjat,4.5,6,622.9,43.5,54.8,2025-12-11,Gdansk
28,23,K,kontrolna,licencjat,8.7,10,415.3,66.5,69.4,2025-11-26,Lublin
29,24,K,kontrolna,srednie,6.4,9,558.2,65.1,45.5,2025-11-11,Poznan
30,31,K,kontrolna,magister,7.7,7,477.7,58.5,82.3,2025-12-20,Gdansk
31,23,K,kontrolna,magister,7.1,1,576.8,73.3,68.6,2025-12-09,Wroclaw
32,21,M,eksperymentalna,magister,7.7,6,629.1,59.0,70.6,2025-12-06,Wroclaw
33,37,M,kontrolna,srednie,9.4,8,571.7,65.0,66.9,2025-11-28,Lodz
34,34,M,eksperymentalna,srednie,8.5,4,486.1,90.9,54.5,2025-12-19,Lodz
35,23,M,kontrolna,licencjat,6.1,2,490.5,89.2,63.6,2025-12-11,Poznan
36,22,M,eksperymentalna,licencjat,7.7,7,546.3,84.8,69.7,2025-12-14,Lublin
37,36,K,eksperymentalna,licencjat,6.2,7,528.0,63.2,55.8,2025-11-22,Lublin
38,34,M,kontrolna,srednie,5.6,2,536.6,57.6,45.9,2025-11-21,Warszawa
39,38,M,kontrolna,licencjat,5.4,1,609.2,70.6,94.7,2025-11-14,Gdansk
40,35,K,kontrolna,srednie,9.2,1,524.8,89.0,94.7,2025-11-15,Szczecin
41,38,M,eksperymentalna,licencjat,6.1,5,626.0,70.0,85.6,2025-11-17,Szczecin
42,31,M,kontrolna,licencjat,8.6,2,581.1,77.1,59.9,2025-12-03,Poznan
43,35,M,eksperymentalna,licencjat,6.2,3,626.3,76.7,73.9,2025-12-26,Lublin
44,19,M,kontrolna,srednie,7.0,9,423.0,68.8,68.6,2025-12-26,Poznan
45,29,M,eksperymentalna,licencjat,8.1,4,592.2,85.1,89.6,2025-11-09,Warszawa
46,28,K,kontrolna,licencjat,7.2,6,542.6,73.3,72.1,2025-12-15,Warszawa
47,38,M,kontrolna,licencjat,7.1,9,667.5,72.6,43.8,2025-11-10,Warszawa
48,27,M,kontrolna,srednie,5.5,2,660.8,60.6,73.3,2025-12-24,Gdansk
49,30,K,eksperymentalna,magister,6.8,6,467.7,42.7,58.1,2025-12-06,Szczecin
50,22,K,eksperymentalna,magister,7.6,3,463.5,79.9,76.8,2025-11-28,Wroclaw
51,36,K,eksperymentalna,licencjat,6.3,1,436.6,75.5,69.6,2025-11-09,Krakow
52,33,M,kontrolna,doktorat,7.9,6,638.7,72.0,40.3,2025-11-06,Szczecin
53,35,K,eksperymentalna,licencjat,4.9,1,703.8,79.4,57.6,2025-12-12,Szczecin
54,29,K,kontrolna,srednie,5.0,9,526.9,59.2,56.6,2025-11-03,Krakow
55,29,K,eksperymentalna,doktorat,5.7,8,498.6,52.2,39.9,2025-11-27,Warszawa
56,22,M,eksperymentalna,licencjat,4.6,4,515.4,62.3,65.1,2025-11-30,Gdansk
57,32,K,eksperymentalna,magister,7.1,9,588.6,71.0,64.4,2025-11-11,Szczecin
58,32,M,kontrolna,srednie,4.8,3,593.1,44.6,61.1,2025-11-06,Poznan
59,36,K,eksperymentalna,licencjat,4.7,8,585.3,48.5,83.9,2025-12-25,Wroclaw
60,21,K,kontrolna,licencjat,4.5,10,474.1,48.2,45.9,2025-11-17,Krakow
61,35,K,eksperymentalna,magister,7.2,4,437.6,69.5,69.8,2025-11-25,Krakow
62,24,K,eksperymentalna,licencjat,9.4,3,544.8,78.3,76.8,2025-11-05,Gdansk
63,26,M,kontrolna,magister,6.1,8,515.8,61.1,64.0,2025-12-15,Szczecin
64,30,K,kontrolna,magister,5.7,7,526.1,80.3,44.0,2025-12-09,Gdansk
65,29,K,eksperymentalna,licencjat,5.7,,530.2,55.7,85.7,2025-12-01,Krakow
66,23,M,eksperymentalna,srednie,7.5,3,474.3,64.2,82.1,2025-11-29,Krakow
67,21,M,eksperymentalna,licencjat,6.7,5,529.2,85.5,59.4,2025-11-21,Gdansk
68,28,M,kontrolna,magister,7.8,3,598.0,77.6,64.8,2025-11-09,Lodz
69,28,M,eksperymentalna,licencjat,9.1,4,562.5,85.4,72.5,2025-11-20,Gdansk
70,31,M,kontrolna,magister,8.2,10,402.1,53.3,63.8,2025-12-24,Lublin
71,35,M,eksperymentalna,magister,6.3,7,516.2,64.6,53.1,2025-11-24,Wroclaw
72,19,K,kontrolna,srednie,7.0,7,546.5,48.9,69.0,2025-11-28,Wroclaw
73,22,K,eksperymentalna,srednie,7.5,9,649.2,64.9,56.1,2025-11-01,Krakow
74,33,M,kontrolna,magister,8.6,4,597.5,85.2,63.3,2025-12-02,Lodz
75,23,M,eksperymentalna,doktorat,9.1,9,555.2,60.2,73.0,2025-12-14,Szczecin
76,20,M,eksperymentalna,licencjat,5.0,1,517.9,61.2,74.2,2025-11-05,Poznan
77,30,K,kontrolna,magister,7.5,5,552.2,89.5,73.0,2025-11-24,Krakow
78,38,M,eksperymentalna,licencjat,7.6,10,402.4,58.2,80.3,2025-12-09,Gdansk
79,27,M,eksperymentalna,licencjat,8.8,5,581.5,97.8,70.9,2025-11-23,Poznan
80,26,K,kontrolna,magister,6.2,6,469.1,62.6,37.1,2025-11-08,Lodz
81,31,K,eksperymentalna,magister,9.5,8,434.8,,59.0,2025-11-25,Lodz
82,32,M,kontrolna,magister,8.8,5,671.7,63.3,69.0,2025-11-04,Krakow
83,27,K,kontrolna,srednie,4.9,3,637.4,69.6,75.6,2025-11-30,Krakow
84,20,M,kontrolna,srednie,6.6,2,473.7,72.0,66.8,2025-11-07,Krakow
85,20,K,eksperymentalna,doktorat,7.3,1,536.8,57.0,64.6,2025-12-14,Szczecin
86,27,K,eksperymentalna,magister,4.8,10,574.3,46.2,63.0,2025-12-11,Gdansk
87,23,M,kontrolna,licencjat,8.2,9,518.3,62.9,76.9,2025-11-19,Warszawa
88,30,M,kontrolna,magister,4.6,10,688.6,51.4,48.2,2025-11-15,Wroclaw
89,22,K,kontrolna,licencjat,6.2,3,586.7,76.4,68.3,2025-11-17,Szczecin
90,30,M,kontrolna,doktorat,7.5,10,602.9,81.9,62.3,2025-12-22,Warszawa
91,27,M,kontrolna,doktorat,5.3,8,442.8,71.4,65.2,2025-11-20,Krakow
92,34,M,eksperymentalna,licencjat,9.4,1,523.0,90.6,74.7,2025-11-28,Krakow
93,19,K,eksperymentalna,srednie,7.6,6,613.1,76.8,57.1,2025-11-22,Wroclaw
94,34,M,eksperymentalna,srednie,7.8,6,518.6,77.9,93.5,2025-12-06,Lodz
95,19,M,eksperymentalna,doktorat,4.8,10,576.2,57.3,50.5,2025-12-16,Lodz
96,26,K,eksperymentalna,doktorat,6.8,1,457.2,87.3,84.8,2025-12-04,Szczecin
97,23,K,eksperymentalna,srednie,8.3,5,449.6,78.9,66.9,2025-11-25,Lodz
98,37,M,eksperymentalna,magister,9.4,4,545.1,76.6,55.4,2025-12-25,Lodz
99,24,K,eksperymentalna,srednie,8.1,4,637.5,68.9,60.1,2025-11-18,Poznan
100,33,M,kontrolna,magister,8.9,9,579.6,61.8,71.9,2025-11-06,Krakow
101,35,K,kontrolna,doktorat,8.5,6,623.4,70.5,69.7,2025-11-19,Gdansk
102,33,K,kontrolna,licencjat,5.8,1,547.6,,95.3,2025-12-10,Lodz
103,36,K,kontrolna,srednie,4.6,1,475.4,58.7,79.5,2025-12-20,Warszawa
104,25,K,eksperymentalna,srednie,5.6,6,541.5,57.9,65.4,2025-11-20,Szczecin
105,32,M,kontrolna,magister,6.0,4,538.6,71.7,69.9,2025-11-16,Warszawa
106,19,K,eksperymentalna,srednie,5.5,8,588.7,80.9,55.6,2025-12-02,Krakow
107,26,K,kontrolna,magister,5.2,8,688.1,64.2,63.7,2025-12-26,Szczecin
108,38,K,kontrolna,srednie,8.7,2,416.0,77.6,52.5,2025-11-13,Szczecin
109,22,M,kontrolna,licencjat,8.9,3,624.7,60.4,70.8,2025-11-19,Szczecin
110,29,M,eksperymentalna,licencjat,6.1,7,507.5,43.7,80.9,2025-12-23,Lodz
111,35,K,eksperymentalna,licencjat,5.5,9,522.7,54.1,76.6,2025-12-14,Gdansk
112,32,M,kontrolna,licencjat,,1,682.2,90.7,67.6,2025-12-21,Gdansk
113,23,M,kontrolna,magister,4.6,5,593.3,67.3,64.0,2025-11-02,Lodz
114,22,M,kontrolna,licencjat,6.1,8,654.1,65.6,60.2,2025-11-07,Wroclaw
115,24,M,eksperymentalna,magister,6.7,4,625.6,69.7,87.0,2025-11-30,Lublin
116,37,M,kontrolna,srednie,5.5,6,504.4,55.0,70.1,2025-11-02,Gdansk
117,37,M,eksperymentalna,srednie,5.6,8,505.9,70.9,56.9,2025-11-05,Wroclaw
118,20,M,kontrolna,magister,8.1,2,627.9,74.2,50.0,2025-12-19,Szczecin
119,27,K,kontrolna,magister,4.9,6,538.5,61.3,72.2,2025-12-05,Warszawa
120,31,K,kontrolna,srednie,7.6,1,467.0,83.5,82.4,2025-11-11,Krakow
121,22,K,eksperymentalna,licencjat,5.2,5,596.7,48.2,72.5,2025-12-07,Warszawa
122,35,M,kontrolna,magister,6.4,3,553.7,68.8,45.2,2025-11-09,Gdansk
123,35,M,kontrolna,licencjat,9.0,9,476.9,72.2,67.8,2025-11-20,Gdansk
124,28,K,eksperymentalna,srednie,6.7,5,542.8,71.0,63.6,2025-12-16,Gdansk
125,34,M,eksperymentalna,magister,6.7,7,685.1,70.7,75.7,2025-11-15,Wroclaw
126,19,M,eksperymentalna,licencjat,6.8,10,484.3,54.1,66.7,2025-11-17,Wroclaw
127,38,K,eksperymentalna,licencjat,6.9,2,672.6,75.3,64.1,2025-11-19,Lublin
128,26,M,kontrolna,srednie,6.6,4,519.3,,45.9,2025-12-23,Lublin
129,29,M,eksperymentalna,licencjat,6.5,5,434.2,65.1,63.5,2025-11-16,Lublin
130,36,M,eksperymentalna,licencjat,5.7,,526.1,53.7,58.8,2025-11-02,Szczecin
131,35,K,kontrolna,magister,8.8,1,671.8,76.4,86.4,2025-11-10,Poznan
132,20,M,kontrolna,licencjat,5.8,2,357.0,80.9,53.0,2025-11-18,Lublin
133,25,K,eksperymentalna,magister,9.0,8,500.6,69.1,78.3,2025-11-14,Poznan
134,31,M,kontrolna,magister,8.8,2,604.7,66.8,73.2,2025-11-03,Wroclaw
135,31,M,kontrolna,doktorat,5.3,2,570.3,75.7,68.2,2025-12-07,Poznan
136,19,K,eksperymentalna,srednie,5.4,8,478.2,58.2,70.0,2025-11-21,Szczecin
137,31,K,eksperymentalna,licencjat,6.6,1,482.9,54.3,71.7,2025-12-25,Krakow
138,28,M,kontrolna,magister,,6,567.4,76.2,56.3,2025-11-22,Warszawa
139,29,K,eksperymentalna,licencjat,9.4,2,546.7,88.8,80.9,2025-11-03,Poznan
140,25,M,kontrolna,magister,8.6,10,481.8,47.6,77.8,2025-11-01,Krakow
141,29,M,eksperymentalna,licencjat,4.8,2,729.9,66.8,56.6,2025-12-10,Gdansk
142,28,K,kontrolna,doktorat,8.7,9,663.0,60.3,55.5,2025-12-18,Warszawa
143,21,M,kontrolna,srednie,7.6,4,483.5,62.0,71.4,2025-12-25,Krakow
144,23,M,eksperymentalna,licencjat,9.0,9,420.3,83.2,69.3,2025-12-09,Warszawa
145,30,M,kontrolna,magister,5.4,5,495.1,80.6,75.9,2025-11-27,Wroclaw
146,25,M,eksperymentalna,magister,4.6,10,577.3,53.5,49.9,2025-12-12,Lublin
147,28,K,kontrolna,srednie,7.6,2,613.2,73.0,81.8,2025-11-29,Szczecin
148,35,M,kontrolna,licencjat,6.0,5,572.0,76.5,70.8,2025-11-05,Wroclaw
149,32,M,eksperymentalna,doktorat,5.0,5,572.4,76.3,69.4,2025-11-18,Lublin
150,33,M,eksperymentalna,licencjat,5.1,8,466.6,69.1,73.0,2025-12-15,Lublin
151,19,K,eksperymentalna,licencjat,5.1,6,537.8,60.9,67.8,2025-12-11,Szczecin
152,21,M,eksperymentalna,licencjat,7.0,5,597.9,58.0,61.6,2025-11-26,Krakow
153,30,M,eksperymentalna,licencjat,6.6,6,438.5,80.4,61.3,2025-12-25,Lublin
154,35,M,kontrolna,srednie,9.0,5,517.1,79.5,50.7,2025-11-30,Krakow
155,25,M,eksperymentalna,srednie,5.5,1,562.5,73.3,71.9,2025-11-04,Wroclaw
156,35,K,eksperymentalna,magister,,6,570.7,64.7,56.7,2025-12-08,Krakow
157,37,K,kontrolna,magister,9.5,4,583.3,82.3,51.3,2025-11-21,Krakow
158,22,K,eksperymentalna,licencjat,7.0,9,551.2,54.3,66.5,2025-12-01,Poznan
159,23,K,kontrolna,srednie,8.3,6,723.5,94.5,71.6,2025-12-02,Szczecin
160,27,K,eksperymentalna,srednie,4.7,7,423.2,57.9,73.0,2025-11-20,Wroclaw
161,25,M,kontrolna,magister,7.1,4,594.3,69.5,65.7,2025-11-22,Szczecin
162,29,M,eksperymentalna,srednie,7.8,2,644.0,86.3,72.1,2025-11-10,Warszawa
163,31,M,kontrolna,srednie,7.9,7,638.6,89.3,38.4,2025-12-05,Wroclaw
164,20,K,eksperymentalna,magister,4.7,6,305.1,,77.8,2025-11-26,Lodz
165,30,K,kontrolna,srednie,9.4,1,489.6,85.7,62.2,2025-11-22,Szczecin
166,27,K,kontrolna,doktorat,5.4,7,673.2,60.7,53.3,2025-12-22,Warszawa
167,35,M,kontrolna,srednie,9.5,10,558.7,69.2,46.8,2025-11-09,Gdansk
168,29,M,kontrolna,magister,5.9,5,645.0,63.4,74.8,2025-12-09,Lodz
169,38,K,kontrolna,licencjat,9.2,9,582.2,,67.7,2025-11-06,Wroclaw
170,26,M,eksperymentalna,srednie,9.1,9,396.2,82.0,69.0,2025-12-19,Lublin
171,36,K,eksperymentalna,licencjat,5.2,4,435.3,59.9,71.2,2025-11-22,Szczecin
172,34,K,kontrolna,licencjat,7.3,9,539.3,60.5,68.2,2025-11-30,Wroclaw
173,24,M,eksperymentalna,doktorat,6.6,9,540.0,55.0,68.9,2025-12-15,Krakow
174,23,K,eksperymentalna,doktorat,5.0,6,578.0,64.8,65.3,2025-12-12,Lodz
175,23,M,kontrolna,licencjat,7.9,2,460.0,75.3,62.9,2025-12-20,Wroclaw
176,19,M,eksperymentalna,srednie,5.0,2,651.1,57.4,70.7,2025-11-25,Warszawa
177,31,M,eksperymentalna,doktorat,7.5,9,535.3,76.1,47.9,2025-11-08,Szczecin
178,25,M,kontrolna,srednie,6.1,10,488.8,46.2,68.2,2025-11-03,Gdansk
179,29,M,eksperymentalna,licencjat,6.1,5,404.3,68.0,67.2,2025-11-19,Wroclaw
180,25,K,eksperymentalna,licencjat,5.0,2,583.7,77.1,75.6,2025-12-23,Wroclaw
181,20,M,eksperymentalna,srednie,,5,457.1,69.2,75.8,2025-12-03,Szczecin
182,27,K,kontrolna,licencjat,6.6,8,639.8,53.7,79.3,2025-12-19,Szczecin
183,32,M,kontrolna,licencjat,8.3,3,538.2,58.1,78.0,2025-11-04,Gdansk
184,33,K,eksperymentalna,licencjat,6.6,7,541.5,62.8,61.9,2025-11-25,Szczecin
185,37,K,eksperymentalna,doktorat,4.7,10,564.2,71.6,58.6,2025-12-23,Szczecin
186,28,M,kontrolna,srednie,6.7,9,451.6,55.9,82.3,2025-12-06,Warszawa
187,38,M,eksperymentalna,doktorat,6.0,10,547.2,48.0,65.9,2025-11-01,Gdansk
188,34,M,kontrolna,licencjat,6.6,4,518.4,61.4,82.0,2025-11-03,Poznan
189,32,K,kontrolna,licencjat,4.7,10,511.8,45.5,58.9,2025-11-11,Gdansk
190,24,K,eksperymentalna,magister,4.6,9,495.2,69.3,45.9,2025-11-20,Lodz
191,36,M,eksperymentalna,srednie,5.3,6,640.5,58.0,80.7,2025-11-06,Szczecin
192,25,K,eksperymentalna,srednie,4.9,9,507.4,62.6,72.3,2025-11-22,Lublin
193,32,K,kontrolna,doktorat,5.8,2,737.4,78.6,72.2,2025-12-03,Szczecin
194,24,M,eksperymentalna,doktorat,6.4,,466.2,56.7,66.0,2025-11-06,Warszawa
195,23,K,kontrolna,srednie,9.2,4,636.6,81.7,71.9,2025-12-26,Szczecin
196,32,K,eksperymentalna,magister,9.1,3,724.0,87.0,77.6,2025-12-25,Wroclaw
197,35,K,eksperymentalna,magister,6.1,4,562.1,78.1,68.7,2025-11-06,Gdansk
198,31,M,eksperymentalna,srednie,8.7,6,512.9,95.9,69.7,2025-12-11,Wroclaw
199,19,M,kontrolna,srednie,6.5,8,521.4,66.6,71.2,2025-11-09,Poznan
200,22,K,eksperymentalna,magister,8.0,3,480.0,81.8,74.7,2025-11-22,Wroclaw
201,25,K,kontrolna,licencjat,5.0,1,594.3,77.3,37.9,2025-11-20,Gdansk
202,26,M,eksperymentalna,magister,5.3,1,339.9,82.7,63.7,2025-12-23,Wroclaw
203,37,M,kontrolna,doktorat,8.7,6,599.8,86.3,67.8,2025-11-08,Krakow
204,34,K,eksperymentalna,licencjat,5.0,6,570.0,71.2,54.2,2025-11-07,Lublin
205,22,K,eksperymentalna,licencjat,5.9,6,340.4,57.6,75.4,2025-12-10,Lodz
206,19,K,eksperymentalna,srednie,9.5,5,447.5,80.8,72.7,2025-12-11,Krakow
207,27,M,eksperymentalna,licencjat,7.4,,697.1,78.5,82.3,2025-11-19,Krakow
208,26,M,kontrolna,srednie,5.0,10,441.9,58.4,47.6,2025-11-04,Warszawa
209,23,K,kontrolna,licencjat,8.3,7,542.0,80.2,65.1,2025-11-30,Warszawa
210,23,K,kontrolna,srednie,5.0,,651.8,63.5,50.6,2025-11-15,Warszawa
211,19,K,eksperymentalna,magister,7.0,2,623.0,75.4,76.1,2025-11-30,Gdansk
212,37,M,kontrolna,licencjat,5.2,4,533.9,56.0,48.9,2025-11-06,Wroclaw
213,23,M,eksperymentalna,magister,4.7,9,596.6,64.1,53.8,2025-11-03,Lublin
214,24,M,eksperymentalna,magister,9.0,7,580.7,65.1,55.8,2025-12-07,Lodz
215,28,K,kontrolna,srednie,4.7,8,603.7,57.6,68.8,2025-11-21,Lodz
216,36,K,kontrolna,doktorat,5.9,5,423.3,58.7,60.8,2025-12-10,Szczecin
217,25,M,eksperymentalna,magister,6.3,5,521.0,56.0,60.3,2025-12-15,Krakow
218,20,M,eksperymentalna,srednie,5.3,9,603.1,51.6,48.1,2025-11-22,Lublin
219,31,K,eksperymentalna,magister,6.0,3,482.4,59.6,85.4,2025-12-13,Szczecin
220,32,K,eksperymentalna,licencjat,8.6,1,506.4,77.9,82.0,2025-11-22,Krakow
221,32,M,eksperymentalna,srednie,6.5,9,593.8,71.0,53.2,2025-12-05,Wroclaw
222,30,M,kontrolna,magister,5.5,5,594.8,48.4,52.7,2025-12-15,Warszawa
223,23,M,kontrolna,srednie,6.9,6,537.4,65.2,74.8,2025-11-17,Krakow
224,29,K,kontrolna,magister,6.2,4,578.9,58.6,58.3,2025-12-03,Wroclaw
225,38,K,kontrolna,srednie,6.2,2,341.2,81.6,75.6,2025-12-02,Lodz
226,24,K,eksperymentalna,magister,8.1,2,533.3,79.7,95.0,2025-11-14,Lodz
227,32,K,kontrolna,licencjat,9.0,9,419.1,59.3,59.5,2025-11-10,Gdansk
228,32,K,eksperymentalna,licencjat,6.4,7,529.1,79.2,55.2,2025-12-16,Lodz
229,21,K,eksperymentalna,srednie,9.4,10,548.0,60.0,60.3,2025-12-18,Szczecin
230,32,M,kontrolna,licencjat,7.7,6,542.0,62.7,64.7,2025-11-23,Gdansk
231,35,K,kontrolna,srednie,6.6,5,646.4,74.0,67.8,2025-11-01,Lodz
232,19,K,eksperymentalna,licencjat,5.1,3,490.6,65.4,64.1,2025-12-07,Gdansk
233,28,K,eksperymentalna,licencjat,5.9,5,743.0,55.4,55.7,2025-11-06,Lublin
234,26,K,eksperymentalna,licencjat,8.2,2,594.1,77.1,82.4,2025-11-01,Gdansk
235,21,K,eksperymentalna,magister,5.9,6,497.8,73.4,46.6,2025-11-19,Gdansk
236,38,K,kontrolna,magister,5.2,2,485.9,65.6,57.9,2025-12-25,Szczecin
237,35,M,eksperymentalna,srednie,8.5,8,637.6,80.8,95.2,2025-11-17,Krakow
238,30,M,kontrolna,srednie,9.3,5,408.1,63.1,72.4,2025-12-09,Szczecin
239,30,M,eksperymentalna,licencjat,8.9,7,744.9,59.8,64.6,2025-11-26,Krakow
240,35,K,kontrolna,srednie,7.1,6,679.2,70.3,72.2,2025-11-11,Lublin
241,38,M,kontrolna,licencjat,8.1,2,624.4,61.3,94.5,2025-11-27,Krakow
242,21,M,eksperymentalna,licencjat,8.5,10,421.8,73.2,67.1,2025-12-02,Warszawa
243,22,K,kontrolna,magister,8.7,8,655.7,63.6,44.5,2025-11-17,Wroclaw
244,38,M,eksperymentalna,licencjat,5.7,7,559.7,61.6,79.9,2025-11-03,Lodz
245,36,K,eksperymentalna,doktorat,7.0,10,538.8,49.6,69.5,2025-11-08,Krakow
246,38,K,eksperymentalna,licencjat,9.3,8,509.0,80.9,59.2,2025-12-13,Lublin
247,36,M,kontrolna,magister,8.7,5,481.5,56.8,74.4,2025-11-21,Poznan
248,30,K,eksperymentalna,licencjat,4.9,2,532.6,71.1,54.8,2025-12-20,Szczecin
249,21,K,eksperymentalna,licencjat,7.9,5,527.6,89.9,84.0,2025-12-10,Gdansk
250,21,M,kontrolna,magister,5.4,9,638.7,59.0,64.2,2025-12-20,Lodz
251,32,K,kontrolna,magister,9.2,3,548.7,62.2,74.1,2025-11-13,Gdansk
252,29,K,eksperymentalna,licencjat,,5,408.4,78.1,77.7,2025-12-19,Gdansk
253,22,K,eksperymentalna,srednie,7.9,5,503.4,89.9,59.0,2025-11-13,Gdansk
254,26,M,eksperymentalna,licencjat,9.3,6,664.4,79.3,73.9,2025-11-12,Gdansk
255,36,K,eksperymentalna,magister,5.6,,633.6,54.0,61.0,2025-11-03,Wroclaw
256,29,M,eksperymentalna,licencjat,8.4,5,584.6,69.5,78.0,2025-12-05,Wroclaw
257,28,K,eksperymentalna,licencjat,8.6,5,583.2,77.8,77.1,2025-11-24,Wroclaw
258,35,M,kontrolna,licencjat,7.3,1,643.2,79.0,65.2,2025-11-06,Poznan
259,23,M,kontrolna,magister,5.5,4,625.5,73.1,75.3,2025-11-21,Krakow
260,32,K,kontrolna,srednie,5.6,2,611.5,93.9,79.1,2025-11-23,Poznan
261,37,M,kontrolna,licencjat,6.7,8,619.3,63.5,67.3,2025-11-17,Wroclaw
262,27,M,eksperymentalna,magister,5.7,1,449.3,71.5,70.8,2025-12-26,Lublin
263,25,K,eksperymentalna,srednie,8.7,3,425.0,63.2,97.3,2025-12-01,Wroclaw
264,26,K,eksperymentalna,licencjat,6.8,7,613.6,66.1,43.9,2025-12-20,Warszawa
265,21,K,eksperymentalna,srednie,7.0,8,812.9,48.5,72.9,2025-12-13,Lublin
266,27,M,eksperymentalna,magister,6.7,8,521.6,48.8,70.7,2025-11-18,Poznan
267,25,K,eksperymentalna,magister,8.1,9,474.9,59.1,72.9,2025-11-19,Lublin
268,24,M,kontrolna,magister,5.7,5,391.0,48.3,52.7,2025-12-25,Krakow
269,30,M,kontrolna,srednie,6.9,1,768.3,86.0,54.0,2025-12-02,Warszawa
270,28,M,kontrolna,magister,8.4,9,681.4,56.1,73.4,2025-11-06,Lodz
271,25,M,kontrolna,licencjat,7.4,7,529.1,79.8,72.5,2025-11-07,Lodz
272,22,K,eksperymentalna,magister,6.0,3,505.5,73.1,72.2,2025-11-11,Gdansk
273,36,M,kontrolna,srednie,7.2,9,566.3,87.9,70.2,2025-12-26,Wroclaw
274,28,K,eksperymentalna,licencjat,6.4,6,318.0,73.2,63.5,2025-11-17,Wroclaw
275,28,M,eksperymentalna,magister,7.6,5,587.9,83.3,62.9,2025-12-04,Krakow
276,19,M,kontrolna,magister,9.3,8,649.3,80.7,78.4,2025-12-10,Poznan
277,38,K,kontrolna,licencjat,5.8,6,505.7,56.7,82.4,2025-11-30,Wroclaw
278,29,K,eksperymentalna,srednie,7.6,4,535.3,89.3,38.5,2025-12-06,Wroclaw
279,29,K,eksperymentalna,magister,7.8,9,414.5,73.3,55.9,2025-12-17,Poznan
280,34,K,kontrolna,licencjat,6.7,3,744.4,85.7,46.0,2025-11-01,Gdansk
281,20,K,eksperymentalna,licencjat,4.9,5,448.7,64.9,60.5,2025-12-23,Warszawa
282,30,M,kontrolna,licencjat,5.2,8,511.7,62.1,60.9,2025-12-26,Warszawa
283,29,M,eksperymentalna,licencjat,5.5,6,438.4,46.8,56.9,2025-11-05,Szczecin
284,36,M,kontrolna,magister,,5,677.9,64.7,56.3,2025-11-14,Krakow
285,25,M,kontrolna,licencjat,5.7,2,593.9,89.9,77.4,2025-11-15,Gdansk
286,20,M,eksperymentalna,licencjat,8.9,4,622.5,,85.6,2025-11-24,Szczecin
287,36,M,kontrolna,licencjat,4.9,3,563.7,58.8,71.9,2025-12-24,Poznan
288,25,M,kontrolna,licencjat,6.2,5,795.2,49.0,75.7,2025-11-29,Gdansk
289,33,K,eksperymentalna,magister,9.2,5,536.9,76.7,66.6,2025-12-20,Poznan
290,34,M,kontrolna,srednie,7.4,5,715.5,87.0,77.2,2025-12-11,Lodz
291,28,K,eksperymentalna,licencjat,9.4,10,536.4,67.1,75.1,2025-11-20,Gdansk
292,32,M,kontrolna,licencjat,9.4,8,596.3,88.1,76.8,2025-11-16,Lublin
293,23,M,eksperymentalna,doktorat,7.6,10,470.1,74.4,73.7,2025-12-14,Warszawa
294,28,K,kontrolna,licencjat,7.7,6,429.4,54.5,88.5,2025-11-04,Poznan
295,24,M,eksperymentalna,magister,8.0,2,464.8,88.0,67.2,2025-12-01,Gdansk
296,37,K,kontrolna,srednie,8.2,10,440.4,69.8,61.3,2025-12-15,Wroclaw
297,24,K,eksperymentalna,srednie,8.1,4,622.3,58.4,67.3,2025-11-14,Krakow
298,38,K,kontrolna,magister,5.1,8,609.4,38.2,59.9,2025-12-08,Szczecin
299,30,M,eksperymentalna,magister,5.3,6,443.7,67.9,72.8,2025-12-12,Szczecin
300,30,K,kontrolna,magister,7.4,4,607.1,81.5,70.2,2025-11-29,Szczecin
301,31,M,kontrolna,srednie,7.1,4,487.8,67.1,68.4,2025-12-17,Krakow
302,24,M,kontrolna,srednie,6.2,2,451.7,73.0,62.0,2025-11-24,Szczecin
303,31,K,kontrolna,srednie,6.4,3,608.6,67.8,73.9,2025-11-06,Gdansk
304,19,K,kontrolna,srednie,,1,497.1,51.4,72.8,2025-11-29,Poznan
305,34,K,kontrolna,magister,8.5,8,630.5,80.4,69.3,2025-11-05,Lublin
306,28,M,eksperymentalna,licencjat,6.7,9,564.1,69.4,57.2,2025-12-02,Warszawa
307,30,M,eksperymentalna,magister,5.8,9,555.3,61.3,52.8,2025-11-30,Lublin
308,38,K,eksperymentalna,srednie,9.2,1,675.4,75.9,46.2,2025-11-29,Gdansk
309,25,M,eksperymentalna,licencjat,6.1,8,635.7,65.4,48.3,2025-11-03,Poznan
310,32,K,kontrolna,licencjat,8.3,8,572.5,77.6,80.4,2025-11-25,Wroclaw
311,33,M,kontrolna,srednie,9.3,8,534.9,,45.3,2025-11-09,Lublin
312,29,K,eksperymentalna,magister,,,311.6,58.3,74.6,2025-12-03,Gdansk
313,21,K,eksperymentalna,doktorat,4.7,1,456.4,72.8,55.9,2025-11-09,Warszawa
314,22,M,kontrolna,doktorat,9.2,6,377.1,82.7,56.4,2025-11-16,Krakow
315,36,M,kontrolna,licencjat,7.0,3,596.9,74.0,59.6,2025-11-24,Gdansk
316,32,K,eksperymentalna,magister,5.8,2,575.7,78.5,73.7,2025-12-02,Lublin
317,22,M,eksperymentalna,magister,5.2,7,606.4,74.9,60.4,2025-11-15,Wroclaw
318,38,M,kontrolna,srednie,8.6,8,635.7,55.0,74.6,2025-11-09,Poznan
319,26,M,eksperymentalna,magister,,2,553.8,76.6,63.9,2025-12-23,Lublin
320,30,M,kontrolna,srednie,4.5,1,633.3,65.0,53.2,2025-11-14,Wroclaw
321,31,M,kontrolna,licencjat,,5,620.3,37.4,51.9,2025-11-21,Szczecin
322,27,K,kontrolna,magister,5.9,10,533.2,68.7,81.2,2025-12-17,Szczecin
323,28,K,eksperymentalna,srednie,8.3,7,499.0,92.2,60.0,2025-12-04,Szczecin
324,29,M,eksperymentalna,licencjat,7.0,3,418.4,57.5,59.7,2025-11-20,Krakow
325,33,M,kontrolna,magister,9.2,4,348.3,82.2,81.6,2025-12-18,Wroclaw
326,22,M,eksperymentalna,licencjat,5.8,3,523.7,67.2,68.6,2025-11-13,Poznan
327,19,M,kontrolna,magister,7.4,4,654.1,84.9,57.4,2025-11-21,Krakow
328,35,K,eksperymentalna,srednie,6.2,7,515.8,54.3,67.0,2025-12-07,Lodz
329,29,K,kontrolna,licencjat,4.8,7,497.6,47.2,51.4,2025-12-17,Lodz
330,22,M,eksperymentalna,magister,4.7,3,409.6,74.1,59.1,2025-11-30,Warszawa
331,32,M,eksperymentalna,magister,6.2,2,495.9,84.6,79.6,2025-12-08,Wroclaw
332,25,K,kontrolna,srednie,8.1,7,562.7,67.1,56.9,2025-11-24,Szczecin
333,22,K,kontrolna,srednie,6.3,2,400.2,74.0,80.8,2025-11-25,Poznan
334,29,M,kontrolna,licencjat,7.3,4,525.8,63.4,70.8,2025-11-30,Gdansk
335,34,M,kontrolna,licencjat,7.0,2,582.1,76.8,73.4,2025-11-08,Krakow
336,23,K,eksperymentalna,srednie,9.1,7,469.1,70.6,62.0,2025-12-22,Szczecin
337,26,K,eksperymentalna,licencjat,6.9,5,487.2,80.4,64.2,2025-12-08,Poznan
338,33,K,kontrolna,licencjat,7.8,4,572.8,94.2,68.4,2025-11-27,Krakow
339,33,K,kontrolna,licencjat,7.4,6,527.3,86.6,50.9,2025-11-12,Krakow
340,30,K,kontrolna,magister,7.6,1,592.1,76.7,69.7,2025-11-11,Lodz
341,35,M,kontrolna,magister,4.5,6,587.6,56.0,49.1,2025-12-21,Warszawa
342,37,M,eksperymentalna,magister,6.6,4,442.5,68.8,58.8,2025-11-24,Lublin
343,20,K,eksperymentalna,licencjat,8.5,9,491.1,71.2,60.8,2025-12-02,Wroclaw
344,29,M,kontrolna,srednie,4.7,10,612.7,58.7,41.8,2025-12-03,Lublin
345,22,M,kontrolna,licencjat,6.6,10,371.1,51.3,54.4,2025-12-18,Krakow
346,27,K,kontrolna,magister,4.7,2,433.4,44.7,80.9,2025-11-01,Lodz
347,30,K,eksperymentalna,licencjat,8.6,6,605.1,73.5,70.7,2025-12-23,Lodz
348,27,M,eksperymentalna,magister,8.4,4,455.6,68.0,83.3,2025-12-22,Wroclaw
349,30,M,eksperymentalna,licencjat,5.4,4,516.2,61.7,61.4,2025-11-04,Poznan
350,24,M,kontrolna,licencjat,9.1,4,584.1,65.7,72.7,2025-11-07,Poznan
351,20,M,kontrolna,magister,8.6,3,558.6,72.8,67.7,2025-11-25,Warszawa
352,28,K,eksperymentalna,srednie,6.0,5,601.5,73.2,69.1,2025-12-17,Lodz
353,25,K,kontrolna,doktorat,7.1,10,604.4,60.9,77.1,2025-11-21,Krakow
354,20,M,eksperymentalna,magister,9.3,10,498.3,69.2,65.2,2025-11-29,Wroclaw
355,19,K,eksperymentalna,magister,8.2,2,541.6,75.8,89.0,2025-11-08,Krakow
356,26,K,eksperymentalna,srednie,5.0,10,649.9,49.1,80.8,2025-11-11,Wroclaw
357,31,K,eksperymentalna,srednie,6.6,2,551.9,57.9,87.3,2025-11-19,Szczecin
358,29,K,eksperymentalna,doktorat,4.7,2,548.0,49.6,61.9,2025-11-06,Szczecin
359,28,K,eksperymentalna,magister,4.8,4,486.7,53.0,66.4,2025-11-24,Lublin
360,30,K,eksperymentalna,srednie,6.4,2,618.2,62.4,46.7,2025-12-09,Lublin
361,34,K,kontrolna,magister,5.1,3,528.4,65.0,79.6,2025-11-29,Lodz
362,35,M,kontrolna,doktorat,4.6,5,556.5,46.6,57.6,2025-11-20,Warszawa
363,30,K,eksperymentalna,magister,5.6,10,491.8,64.4,72.3,2025-11-05,Warszawa
364,29,K,eksperymentalna,magister,8.3,2,631.6,79.9,71.3,2025-12-26,Lodz
365,27,K,kontrolna,magister,6.7,4,602.4,81.5,69.2,2025-12-01,Gdansk
366,31,K,eksperymentalna,licencjat,8.4,1,467.7,82.5,64.8,2025-11-15,Lublin
367,27,M,kontrolna,licencjat,5.0,9,645.1,52.0,59.8,2025-12-22,Krakow
368,23,K,eksperymentalna,magister,5.3,2,537.8,71.1,80.1,2025-11-27,Lodz
369,20,M,eksperymentalna,magister,5.8,6,561.2,,61.6,2025-12-13,Poznan
370,19,M,kontrolna,magister,4.7,4,682.7,63.5,69.7,2025-11-18,Gdansk
371,21,K,kontrolna,magister,6.7,10,441.1,57.1,57.7,2025-12-17,Gdansk
372,21,M,eksperymentalna,doktorat,8.6,2,433.2,88.5,75.9,2025-12-26,Warszawa
373,21,K,kontrolna,licencjat,6.8,4,592.9,89.4,73.3,2025-12-16,Wroclaw
374,26,M,eksperymentalna,licencjat,5.7,9,540.9,56.4,63.5,2025-12-03,Szczecin
375,19,M,eksperymentalna,licencjat,4.9,7,455.1,80.2,56.3,2025-12-04,Lodz
376,21,M,eksperymentalna,magister,5.2,3,447.0,69.0,54.7,2025-11-09,Lublin
377,36,M,kontrolna,srednie,8.2,10,590.1,84.4,69.2,2025-11-22,Warszawa
378,33,K,eksperymentalna,srednie,5.7,6,496.3,59.5,60.4,2025-12-16,Krakow
379,30,K,kontrolna,doktorat,7.6,4,529.6,73.9,72.6,2025-11-16,Krakow
380,38,M,eksperymentalna,licencjat,6.4,6,510.9,58.1,56.1,2025-11-18,Warszawa
381,20,K,eksperymentalna,magister,5.6,8,533.5,64.0,71.9,2025-12-05,Szczecin
382,24,K,eksperymentalna,doktorat,7.1,3,512.2,82.1,83.5,2025-11-21,Krakow
383,23,M,kontrolna,srednie,6.0,2,625.4,81.6,85.2,2025-11-29,Poznan
384,32,K,eksperymentalna,doktorat,8.9,5,550.9,61.1,80.8,2025-12-20,Lodz
385,19,K,kontrolna,magister,6.8,1,615.0,59.9,63.7,2025-11-23,Szczecin
386,35,K,eksperymentalna,licencjat,8.0,6,494.7,68.4,75.3,2025-11-21,Wroclaw
387,29,M,eksperymentalna,licencjat,4.6,10,538.6,47.4,52.5,2025-11-05,Gdansk
388,28,M,kontrolna,licencjat,5.7,9,559.3,49.3,37.5,2025-12-24,Krakow
389,24,K,eksperymentalna,srednie,6.9,8,593.3,54.0,52.3,2025-11-13,Lublin
390,31,K,kontrolna,srednie,6.7,5,619.6,87.4,82.8,2025-12-11,Wroclaw
391,32,K,kontrolna,licencjat,9.2,8,343.8,89.6,83.2,2025-11-12,Wroclaw
392,20,M,kontrolna,doktorat,8.4,7,610.9,74.4,58.8,2025-11-26,Wroclaw
393,31,K,eksperymentalna,srednie,7.2,5,652.7,60.8,72.4,2025-11-02,Krakow
394,20,K,eksperymentalna,srednie,8.9,3,477.6,79.5,63.2,2025-11-20,Lodz
395,35,M,eksperymentalna,magister,4.7,7,608.8,58.8,58.4,2025-12-19,Lodz
396,37,M,eksperymentalna,magister,5.6,6,520.2,70.5,72.6,2025-12-04,Wroclaw
397,22,M,eksperymentalna,licencjat,,3,600.6,77.1,70.6,2025-11-26,Gdansk
398,22,K,eksperymentalna,licencjat,4.6,8,474.0,61.6,67.5,2025-12-01,Krakow
399,24,M,eksperymentalna,magister,8.7,1,531.2,81.3,68.5,2025-11-30,Warszawa
400,33,K,kontrolna,magister,7.3,1,560.8,,74.0,2025-11-29,Lodz
401,30,K,kontrolna,srednie,8.5,9,477.2,66.7,82.1,2025-12-05,Warszawa
402,25,M,eksperymentalna,doktorat,9.4,3,623.7,73.2,74.6,2025-12-20,Wroclaw
403,34,M,eksperymentalna,licencjat,8.7,4,600.4,83.7,70.0,2025-11-07,Lodz
404,28,K,kontrolna,magister,4.9,2,597.1,47.0,51.4,2025-11-29,Poznan
405,36,M,kontrolna,magister,8.8,10,680.9,44.2,70.9,2025-12-16,Warszawa
406,29,K,eksperymentalna,magister,6.3,9,537.7,65.7,45.3,2025-11-18,Lublin
407,38,K,eksperymentalna,srednie,6.3,4,436.6,81.4,71.6,2025-12-16,Lublin
408,31,K,kontrolna,licencjat,5.9,10,437.9,81.0,59.4,2025-11-04,Lublin
409,29,K,kontrolna,doktorat,7.0,8,451.2,76.7,72.6,2025-11-01,Lodz
410,30,M,eksperymentalna,licencjat,8.1,4,596.3,78.9,87.1,2025-12-26,Szczecin
411,22,K,kontrolna,srednie,5.2,9,627.8,56.0,47.1,2025-11-06,Szczecin
412,35,M,kontrolna,doktorat,5.9,9,514.5,65.6,73.2,2025-11-28,Wroclaw
413,30,M,kontrolna,licencjat,6.8,5,662.3,71.0,77.2,2025-11-06,Wroclaw
414,38,K,kontrolna,magister,8.5,1,703.5,82.2,78.5,2025-11-28,Krakow
415,37,K,kontrolna,licencjat,7.1,10,514.9,64.9,59.7,2025-12-20,Wroclaw
416,25,K,kontrolna,srednie,7.4,8,591.3,78.1,41.9,2025-11-04,Poznan
417,33,K,eksperymentalna,doktorat,6.6,1,503.3,83.2,62.0,2025-11-20,Wroclaw
418,32,K,kontrolna,doktorat,7.9,10,495.8,83.0,75.2,2025-12-02,Krakow
419,35,M,eksperymentalna,doktorat,7.1,5,566.6,71.3,68.3,2025-11-29,Wroclaw
420,38,M,eksperymentalna,magister,4.8,2,527.4,75.7,67.3,2025-12-16,Lodz
421,25,K,eksperymentalna,magister,7.2,10,439.3,75.3,38.6,2025-11-19,Lodz
422,33,K,eksperymentalna,doktorat,8.2,8,522.9,67.0,46.4,2025-11-20,Gdansk
423,29,K,kontrolna,magister,7.0,10,595.4,61.5,63.2,2025-11-17,Lublin
424,24,M,eksperymentalna,magister,8.3,6,544.3,81.9,85.9,2025-11-06,Gdansk
425,31,M,kontrolna,srednie,9.4,5,498.0,71.6,92.9,2025-11-28,Szczecin
426,19,K,kontrolna,licencjat,7.2,2,571.2,78.4,67.7,2025-11-14,Lodz
427,32,M,eksperymentalna,licencjat,7.8,2,607.8,65.1,77.1,2025-11-05,Gdansk
428,34,K,kontrolna,licencjat,6.2,7,593.3,40.5,55.4,2025-11-04,Wroclaw
429,35,M,eksperymentalna,doktorat,8.5,9,554.4,63.4,68.1,2025-12-07,Szczecin
430,34,K,kontrolna,srednie,5.9,3,529.3,66.0,59.5,2025-11-11,Gdansk
431,29,K,eksperymentalna,magister,5.0,8,523.3,37.6,45.3,2025-11-22,Poznan
432,27,M,kontrolna,srednie,6.6,9,693.5,58.6,44.8,2025-11-06,Gdansk
433,34,K,eksperymentalna,magister,6.2,2,584.6,77.4,63.4,2025-12-10,Lublin
434,30,K,kontrolna,magister,8.2,3,588.2,63.8,78.3,2025-11-28,Krakow
435,20,K,kontrolna,licencjat,8.6,9,680.1,56.0,85.7,2025-11-18,Lodz
436,28,M,eksperymentalna,srednie,8.3,7,511.6,65.2,74.3,2025-12-25,Gdansk
437,27,M,eksperymentalna,licencjat,4.9,5,425.5,80.4,67.2,2025-11-24,Szczecin
438,31,K,kontrolna,magister,7.7,7,531.8,73.9,65.4,2025-12-05,Warszawa
439,38,K,eksperymentalna,magister,7.0,7,555.4,67.1,62.6,2025-12-14,Gdansk
440,20,M,eksperymentalna,licencjat,9.3,2,561.3,84.4,80.6,2025-11-21,Szczecin
441,33,K,kontrolna,srednie,9.0,5,583.7,49.0,71.2,2025-11-25,Wroclaw
442,33,M,kontrolna,licencjat,8.8,10,537.8,64.2,68.8,2025-11-15,Gdansk
443,25,M,eksperymentalna,magister,5.4,1,473.6,69.1,61.9,2025-12-06,Warszawa
444,24,M,kontrolna,licencjat,4.6,1,671.5,66.3,65.7,2025-12-08,Lodz
445,34,M,kontrolna,magister,7.0,7,516.8,82.6,77.6,2025-11-09,Poznan
446,24,M,eksperymentalna,srednie,7.6,4,525.5,85.8,44.9,2025-12-17,Lublin
447,30,M,eksperymentalna,srednie,4.8,5,403.9,77.6,51.7,2025-12-19,Szczecin
448,27,M,eksperymentalna,magister,6.2,10,532.7,46.1,80.9,2025-11-14,Poznan
449,19,M,eksperymentalna,srednie,,1,537.6,100.0,90.9,2025-12-16,Poznan
450,23,M,kontrolna,licencjat,7.1,1,649.7,91.2,68.4,2025-11-20,Gdansk
451,31,K,kontrolna,magister,8.0,8,545.2,77.0,55.0,2025-12-13,Lublin
452,30,K,eksperymentalna,srednie,8.6,2,668.2,85.4,60.6,2025-11-03,Lublin
453,23,K,kontrolna,licencjat,8.6,6,576.1,67.6,78.1,2025-12-19,Lodz
454,23,K,eksperymentalna,srednie,5.8,5,455.8,71.6,95.7,2025-11-02,Lodz
455,31,M,kontrolna,srednie,7.9,9,511.6,68.2,58.9,2025-12-05,Poznan
456,30,K,eksperymentalna,srednie,8.8,3,404.0,82.8,75.1,2025-11-11,Lublin
457,34,M,kontrolna,magister,8.1,7,449.3,67.3,75.5,2025-12-09,Szczecin
458,20,K,eksperymentalna,srednie,6.8,1,471.6,81.7,84.1,2025-11-01,Szczecin
459,20,K,kontrolna,magister,8.2,1,507.5,71.1,100.0,2025-11-21,Gdansk
460,24,K,kontrolna,doktorat,6.5,5,561.6,54.2,63.7,2025-12-12,Wroclaw
461,25,K,eksperymentalna,licencjat,6.2,8,564.3,54.1,54.4,2025-11-10,Lodz
462,24,K,eksperymentalna,magister,4.9,6,491.9,45.2,88.2,2025-11-15,Gdansk
463,28,K,eksperymentalna,licencjat,5.8,10,498.6,45.0,53.0,2025-11-24,Szczecin
464,21,M,eksperymentalna,doktorat,5.8,10,602.3,47.2,57.3,2025-12-19,Poznan
465,33,K,eksperymentalna,licencjat,6.2,9,509.6,55.3,71.4,2025-12-26,Szczecin
466,22,M,kontrolna,srednie,8.9,8,566.8,79.0,83.9,2025-11-14,Gdansk
467,35,M,eksperymentalna,licencjat,6.3,2,484.2,73.2,69.2,2025-12-11,Lublin
468,35,M,eksperymentalna,licencjat,4.7,9,522.2,62.3,69.9,2025-12-21,Lodz
469,24,K,kontrolna,magister,8.0,8,597.2,,52.3,2025-12-07,Poznan
470,24,M,kontrolna,srednie,7.7,10,570.7,78.5,52.9,2025-11-14,Lublin
471,20,K,kontrolna,licencjat,8.6,4,485.7,82.2,59.0,2025-11-14,Wroclaw
472,38,M,eksperymentalna,magister,7.3,8,603.0,85.0,79.6,2025-11-14,Poznan
473,24,K,eksperymentalna,srednie,5.7,3,572.5,76.0,47.8,2025-12-17,Wroclaw
474,29,K,eksperymentalna,doktorat,6.3,1,563.8,87.5,66.8,2025-12-24,Szczecin
475,32,M,kontrolna,licencjat,,6,659.4,86.2,78.3,2025-11-01,Wroclaw
476,27,K,eksperymentalna,srednie,6.0,6,451.2,58.9,50.8,2025-11-06,Lublin
477,37,K,eksperymentalna,licencjat,6.6,6,598.2,56.6,68.0,2025-11-06,Krakow
478,38,M,eksperymentalna,magister,8.1,4,467.5,83.3,59.5,2025-11-17,Wroclaw
479,22,M,kontrolna,srednie,7.7,5,511.8,85.7,76.2,2025-11-03,Szczecin
480,32,K,kontrolna,licencjat,4.7,4,482.3,53.7,45.0,2025-11-24,Gdansk
481,21,K,kontrolna,licencjat,9.2,8,616.6,80.3,70.6,2025-11-12,Lublin
482,31,M,kontrolna,licencjat,7.3,4,650.5,77.3,86.1,2025-12-02,Poznan
483,36,M,eksperymentalna,doktorat,8.8,,430.3,67.6,74.9,2025-11-30,Gdansk
484,25,M,kontrolna,magister,5.7,6,497.7,63.9,66.1,2025-11-11,Poznan
485,35,K,eksperymentalna,licencjat,9.5,8,498.5,65.6,68.5,2025-12-09,Gdansk
486,33,K,kontrolna,srednie,7.0,5,627.4,76.8,60.3,2025-12-10,Gdansk
487,31,M,eksperymentalna,magister,5.2,5,562.4,63.4,66.6,2025-12-11,Wroclaw
488,37,K,kontrolna,magister,6.7,7,579.2,65.6,58.2,2025-11-07,Lodz
489,22,M,kontrolna,licencjat,,7,562.1,74.0,54.8,2025-12-05,Krakow
490,26,M,eksperymentalna,licencjat,5.7,9,445.9,67.2,47.3,2025-12-14,Wroclaw
491,25,M,eksperymentalna,srednie,7.2,5,642.6,74.7,82.2,2025-12-01,Lodz
492,36,K,kontrolna,magister,7.2,1,731.9,86.0,100.0,2025-12-26,Lublin
493,27,K,eksperymentalna,magister,9.3,1,397.0,85.8,92.8,2025-12-17,Szczecin
494,31,K,eksperymentalna,magister,,3,546.0,71.6,54.5,2025-12-06,Gdansk
495,21,M,kontrolna,srednie,6.4,8,583.8,57.2,61.3,2025-11-23,Szczecin
496,33,M,eksperymentalna,srednie,6.3,7,466.4,78.0,60.7,2025-11-17,Lublin
497,26,K,eksperymentalna,licencjat,4.6,4,585.0,83.7,67.4,2025-12-25,Szczecin
498,22,M,kontrolna,magister,8.4,7,518.0,68.4,68.9,2025-12-14,Wroclaw
499,27,K,kontrolna,doktorat,8.4,10,574.9,76.5,52.6,2025-11-14,Krakow
500,31,M,eksperymentalna,doktorat,5.0,9,634.6,62.9,49.2,2025-12-22,Krakow
501,38,M,eksperymentalna,magister,6.4,3,609.9,71.9,60.7,2025-11-16,Wroclaw
502,30,K,eksperymentalna,magister,4.6,7,476.5,53.1,68.7,2025-11-14,Szczecin
503,38,K,kontrolna,srednie,6.3,2,796.1,72.3,70.6,2025-12-15,Szczecin
504,25,K,eksperymentalna,magister,8.4,4,541.5,69.2,61.6,2025-11-08,Wroclaw
505,19,K,kontrolna,licencjat,7.9,10,589.0,66.7,58.3,2025-11-22,Lodz
506,23,M,eksperymentalna,licencjat,5.9,3,560.9,67.7,69.5,2025-11-20,Lodz
507,26,K,kontrolna,magister,5.7,4,424.0,65.1,58.4,2025-11-19,Poznan
508,36,K,eksperymentalna,licencjat,7.3,2,727.8,80.5,77.5,2025-12-24,Szczecin
509,35,M,eksperymentalna,magister,5.6,7,648.2,73.4,68.4,2025-12-19,Wroclaw
510,25,M,kontrolna,licencjat,7.1,5,642.0,76.0,61.1,2025-12-13,Krakow
511,28,K,eksperymentalna,magister,5.1,8,444.7,71.5,67.0,2025-11-03,Lodz
512,21,M,kontrolna,srednie,8.3,1,456.6,83.3,78.9,2025-12-17,Lodz
513,38,K,eksperymentalna,licencjat,7.7,1,555.8,68.4,69.0,2025-11-25,Szczecin
514,28,M,kontrolna,licencjat,8.6,4,502.9,66.8,72.1,2025-11-09,Szczecin
515,26,M,eksperymentalna,licencjat,6.4,2,547.9,68.4,80.6,2025-12-16,Gdansk
516,32,K,eksperymentalna,magister,8.1,4,429.1,70.0,68.8,2025-11-01,Szczecin
517,27,K,eksperymentalna,srednie,7.1,1,594.9,85.5,81.7,2025-11-08,Lodz
518,29,K,eksperymentalna,doktorat,8.4,5,427.4,75.2,78.3,2025-11-25,Poznan
519,31,K,kontrolna,srednie,6.3,10,547.5,56.0,67.8,2025-12-08,Lublin
520,26,M,eksperymentalna,doktorat,6.8,7,545.1,61.6,67.3,2025-12-16,Lublin
521,36,M,eksperymentalna,srednie,8.2,4,557.3,76.8,65.4,2025-11-04,Poznan
522,25,M,kontrolna,srednie,6.9,5,563.6,88.9,67.8,2025-12-20,Lodz
523,25,M,kontrolna,doktorat,7.4,5,506.7,73.5,49.7,2025-12-08,Krakow
524,37,K,kontrolna,srednie,6.0,7,354.8,71.8,72.2,2025-12-24,Szczecin
525,38,M,eksperymentalna,srednie,8.5,8,452.9,74.6,67.9,2025-12-12,Krakow
526,22,K,kontrolna,magister,6.9,1,638.5,65.5,60.8,2025-12-16,Warszawa
527,31,K,eksperymentalna,srednie,6.7,2,358.4,66.3,71.4,2025-12-24,Lublin
528,19,M,kontrolna,doktorat,6.6,6,475.5,58.5,58.6,2025-11-29,Szczecin
529,33,M,kontrolna,licencjat,5.9,8,450.0,66.4,58.5,2025-11-16,Gdansk
530,19,K,kontrolna,licencjat,8.7,10,566.7,63.2,76.6,2025-12-20,Lodz
531,30,M,eksperymentalna,licencjat,5.9,4,540.9,61.3,80.9,2025-11-06,Poznan
532,32,K,eksperymentalna,doktorat,8.3,10,641.1,85.4,44.1,2025-11-08,Krakow
533,21,K,kontrolna,licencjat,6.6,8,592.5,84.3,42.9,2025-11-26,Gdansk
534,34,M,kontrolna,srednie,8.2,8,725.7,69.5,75.0,2025-12-06,Lodz
535,27,M,kontrolna,srednie,6.0,7,612.8,65.4,66.7,2025-12-12,Gdansk
536,21,M,kontrolna,magister,8.7,7,510.3,57.2,70.3,2025-12-07,Lodz
537,36,M,kontrolna,doktorat,,3,425.3,52.4,63.8,2025-11-07,Szczecin
538,24,K,eksperymentalna,srednie,5.5,1,644.1,59.0,76.1,2025-11-21,Lublin
539,36,K,kontrolna,doktorat,6.6,5,476.8,66.2,67.4,2025-12-13,Gdansk
540,27,K,kontrolna,magister,7.9,6,628.9,58.2,79.5,2025-12-06,Warszawa
541,26,M,eksperymentalna,doktorat,7.4,10,451.0,67.1,43.5,2025-11-17,Lodz
542,25,K,eksperymentalna,licencjat,6.6,7,634.5,57.9,63.0,2025-12-11,Wroclaw
543,30,K,eksperymentalna,licencjat,9.5,4,410.5,75.1,67.0,2025-12-20,Szczecin
544,29,K,kontrolna,licencjat,7.0,6,405.3,64.6,55.6,2025-12-14,Krakow
545,21,M,kontrolna,magister,7.6,9,479.5,75.9,73.6,2025-12-26,Poznan
546,27,M,kontrolna,licencjat,8.0,1,687.0,91.8,90.7,2025-12-11,Gdansk
547,38,M,eksperymentalna,licencjat,4.6,3,600.3,73.3,62.4,2025-12-25,Krakow
548,32,K,kontrolna,srednie,7.0,9,509.9,57.9,80.2,2025-11-21,Lodz
549,24,M,eksperymentalna,magister,8.3,6,537.1,77.0,67.7,2025-12-22,Gdansk
550,38,K,eksperymentalna,doktorat,9.3,9,547.0,84.8,69.9,2025-11-14,Wroclaw
551,33,K,eksperymentalna,licencjat,5.1,10,505.1,58.4,57.1,2025-11-05,Poznan
552,24,M,kontrolna,srednie,7.9,4,432.8,96.0,43.9,2025-12-10,Krakow
553,20,K,kontrolna,licencjat,8.4,3,564.9,80.6,74.3,2025-11-25,Krakow
554,36,M,eksperymentalna,licencjat,6.8,2,618.3,65.8,84.2,2025-11-20,Szczecin
555,34,K,eksperymentalna,srednie,5.3,7,483.5,29.3,57.7,2025-12-14,Lodz
556,38,M,kontrolna,srednie,5.9,10,507.3,48.7,55.1,2025-11-04,Warszawa
557,36,K,eksperymentalna,magister,6.8,9,690.6,43.2,58.5,2025-12-11,Lodz
558,24,M,kontrolna,srednie,5.7,5,612.9,79.6,67.2,2025-11-26,Wroclaw
559,38,M,eksperymentalna,magister,5.5,1,506.7,90.2,62.0,2025-12-05,Poznan
560,33,M,eksperymentalna,licencjat,8.4,7,531.2,76.7,78.7,2025-12-13,Poznan
561,35,M,eksperymentalna,magister,9.5,5,639.7,87.1,53.4,2025-11-09,Wroclaw
562,31,M,kontrolna,licencjat,7.6,1,428.4,84.0,88.3,2025-12-22,Poznan
563,19,M,kontrolna,srednie,8.5,3,492.2,79.3,63.7,2025-11-14,Gdansk
564,31,K,eksperymentalna,licencjat,7.0,,682.2,61.1,67.8,2025-12-04,Krakow
565,38,K,kontrolna,licencjat,9.3,3,602.5,68.2,78.8,2025-11-13,Szczecin
566,38,K,eksperymentalna,magister,9.3,8,564.6,72.9,86.1,2025-11-30,Wroclaw
567,32,M,eksperymentalna,magister,8.4,4,488.9,76.5,62.3,2025-12-20,Krakow
568,33,K,eksperymentalna,doktorat,5.3,8,567.1,48.2,66.6,2025-11-17,Lublin
569,37,K,kontrolna,magister,8.2,9,575.6,62.3,73.0,2025-11-04,Lodz
570,34,M,kontrolna,magister,5.7,2,535.9,75.9,92.0,2025-12-02,Lodz
571,28,M,eksperymentalna,magister,6.2,1,680.0,60.2,69.4,2025-12-01,Warszawa
572,34,M,kontrolna,magister,7.5,6,532.8,69.6,70.4,2025-12-01,Szczecin
573,35,M,kontrolna,magister,6.1,5,741.4,58.4,62.6,2025-12-18,Wroclaw
574,35,M,kontrolna,doktorat,7.6,5,384.8,68.3,89.9,2025-11-21,Gdansk
575,33,K,eksperymentalna,doktorat,4.7,4,355.2,48.0,74.3,2025-12-20,Szczecin
576,38,M,kontrolna,licencjat,8.5,3,623.1,65.6,58.9,2025-11-15,Poznan
577,38,K,eksperymentalna,licencjat,5.1,7,464.6,40.6,55.1,2025-11-25,Lodz
578,19,M,eksperymentalna,licencjat,8.5,7,664.2,67.0,79.8,2025-11-09,Lublin
579,31,K,kontrolna,doktorat,5.1,4,519.5,82.7,58.8,2025-11-19,Lodz
580,32,K,eksperymentalna,srednie,6.7,2,587.0,76.5,78.1,2025-12-06,Wroclaw
581,27,K,kontrolna,srednie,,4,464.8,63.4,65.2,2025-11-13,Szczecin
582,38,M,eksperymentalna,srednie,9.0,6,654.6,71.5,68.7,2025-11-02,Lublin
583,20,M,kontrolna,magister,6.7,6,372.3,63.1,62.5,2025-11-04,Poznan
584,33,K,kontrolna,licencjat,6.0,,539.7,67.9,62.6,2025-11-08,Szczecin
585,26,K,kontrolna,srednie,6.7,4,632.9,93.6,69.9,2025-11-05,Warszawa
586,21,K,eksperymentalna,licencjat,4.6,6,529.7,61.5,76.2,2025-12-15,Wroclaw
587,27,K,kontrolna,magister,7.2,7,616.7,63.2,67.0,2025-11-26,Szczecin
588,34,K,kontrolna,doktorat,6.7,3,751.5,68.4,70.3,2025-12-12,Warszawa
589,36,K,eksperymentalna,srednie,6.0,4,612.5,88.6,59.4,2025-12-17,Poznan
590,21,K,kontrolna,licencjat,8.5,5,525.7,79.6,71.8,2025-11-22,Szczecin
591,38,K,eksperymentalna,licencjat,5.8,9,427.8,70.0,76.5,2025-12-14,Poznan
592,38,K,kontrolna,magister,8.9,1,554.1,95.8,73.1,2025-12-19,Lodz
593,27,M,eksperymentalna,srednie,8.8,3,621.0,64.7,79.2,2025-12-03,Gdansk
594,33,K,kontrolna,doktorat,9.3,1,466.0,72.1,87.4,2025-11-10,Szczecin
595,27,M,eksperymentalna,licencjat,7.9,3,473.0,73.6,70.8,2025-12-13,Poznan
596,35,K,kontrolna,licencjat,7.7,5,463.9,83.8,86.4,2025-11-09,Poznan
597,24,M,eksperymentalna,srednie,6.8,5,476.5,77.4,46.4,2025-12-20,Wroclaw
598,31,K,eksperymentalna,srednie,5.7,3,530.1,73.5,85.0,2025-11-22,Lodz
599,35,K,eksperymentalna,srednie,7.7,7,390.5,68.4,83.0,2025-12-21,Warszawa
600,29,M,kontrolna,licencjat,8.6,7,684.7,66.5,74.8,2025-11-12,Lublin
601,22,K,eksperymentalna,licencjat,4.7,8,557.1,48.2,46.0,2025-12-07,Wroclaw
602,29,M,kontrolna,licencjat,5.1,4,630.0,67.5,74.3,2025-11-03,Gdansk
603,19,M,kontrolna,magister,6.8,3,568.0,62.1,87.1,2025-11-20,Lodz
604,21,M,eksperymentalna,licencjat,7.3,1,595.6,78.8,77.6,2025-11-26,Krakow
605,36,K,eksperymentalna,magister,8.1,3,464.7,71.7,89.5,2025-11-03,Gdansk
606,30,K,kontrolna,srednie,6.8,1,592.0,90.1,65.7,2025-11-28,Gdansk
607,27,K,eksperymentalna,srednie,8.6,9,534.2,63.0,76.0,2025-12-05,Warszawa
608,20,K,kontrolna,licencjat,7.8,1,610.5,88.3,80.3,2025-12-01,Warszawa
609,29,K,kontrolna,licencjat,8.2,7,596.1,80.4,77.0,2025-11-14,Poznan
610,34,M,kontrolna,magister,7.8,6,669.2,91.2,70.4,2025-11-07,Poznan
611,30,M,eksperymentalna,doktorat,8.4,4,417.9,75.1,95.1,2025-12-18,Wroclaw
612,23,K,kontrolna,srednie,7.0,7,500.1,57.0,83.7,2025-12-24,Poznan
613,30,K,kontrolna,magister,8.8,4,590.1,71.8,76.3,2025-12-21,Lublin
614,31,K,eksperymentalna,magister,7.3,1,527.3,73.3,55.9,2025-11-04,Lodz
615,19,K,eksperymentalna,srednie,8.4,3,618.4,85.6,62.9,2025-11-19,Lodz
616,38,M,kontrolna,licencjat,8.5,8,609.3,61.8,61.3,2025-11-24,Krakow
617,19,K,eksperymentalna,licencjat,5.3,2,410.3,72.5,70.1,2025-11-05,Poznan
618,31,M,eksperymentalna,srednie,4.8,5,703.9,64.1,67.8,2025-12-26,Szczecin
619,32,K,kontrolna,srednie,7.4,7,630.9,70.3,80.5,2025-11-13,Warszawa
620,29,M,kontrolna,licencjat,5.6,2,635.5,57.8,74.8,2025-12-10,Wroclaw
621,21,K,kontrolna,magister,4.6,5,368.7,55.3,67.6,2025-12-25,Krakow
622,32,K,kontrolna,srednie,5.0,2,545.3,86.8,46.5,2025-11-24,Lublin
623,37,K,kontrolna,doktorat,5.8,4,672.1,49.4,43.4,2025-12-19,Szczecin
624,33,K,eksperymentalna,licencjat,4.7,7,485.5,37.4,83.2,2025-12-03,Krakow
625,34,M,eksperymentalna,magister,8.7,8,561.2,,83.4,2025-11-03,Szczecin
626,30,K,eksperymentalna,licencjat,4.9,4,563.5,81.0,88.9,2025-12-10,Krakow
627,36,K,kontrolna,srednie,7.7,6,436.8,67.6,79.1,2025-11-20,Szczecin
628,29,M,eksperymentalna,magister,5.3,1,637.6,78.4,57.9,2025-11-30,Krakow
629,36,K,eksperymentalna,licencjat,4.7,8,426.1,72.4,61.9,2025-11-04,Lodz
630,31,K,kontrolna,doktorat,,3,716.5,73.7,71.8,2025-12-03,Warszawa
631,21,M,eksperymentalna,magister,6.5,3,531.3,75.8,70.7,2025-12-01,Szczecin
632,35,M,eksperymentalna,magister,6.8,1,539.5,91.9,76.3,2025-12-03,Lublin
633,33,M,kontrolna,licencjat,6.1,10,622.3,60.9,66.9,2025-11-24,Szczecin
634,36,K,eksperymentalna,srednie,8.4,6,471.6,63.3,62.0,2025-11-15,Szczecin
635,32,M,kontrolna,licencjat,6.6,7,560.3,70.0,77.0,2025-11-12,Gdansk
636,38,K,eksperymentalna,licencjat,8.7,9,645.7,65.0,69.0,2025-11-24,Krakow
637,37,M,eksperymentalna,magister,9.4,3,406.9,78.9,100.0,2025-12-06,Poznan
638,35,M,kontrolna,doktorat,4.5,3,564.4,77.2,61.5,2025-11-09,Lodz
639,32,M,eksperymentalna,licencjat,8.1,2,528.9,87.1,65.9,2025-12-22,Gdansk
640,36,M,eksperymentalna,magister,8.2,2,654.8,76.6,76.8,2025-11-30,Warszawa
641,27,K,kontrolna,srednie,5.1,2,603.4,64.1,49.9,2025-12-10,Krakow
642,26,K,kontrolna,licencjat,6.5,10,717.9,52.0,60.6,2025-12-25,Warszawa
643,38,K,eksperymentalna,licencjat,8.7,4,721.0,63.9,76.9,2025-12-25,Krakow
644,35,M,kontrolna,srednie,8.3,3,658.4,82.7,72.2,2025-11-17,Lublin
645,37,K,kontrolna,magister,9.0,5,541.1,75.9,79.1,2025-11-17,Warszawa
646,35,K,kontrolna,licencjat,9.3,8,692.8,79.8,77.5,2025-11-20,Warszawa
647,33,K,kontrolna,magister,5.2,6,402.4,53.2,71.1,2025-11-07,Lublin
648,35,M,eksperymentalna,licencjat,5.4,7,446.1,60.2,76.1,2025-12-20,Szczecin
649,29,M,kontrolna,magister,5.3,4,460.9,68.8,71.3,2025-11-07,Lublin
650,32,M,kontrolna,licencjat,6.7,3,603.4,71.9,74.7,2025-11-12,Wroclaw
651,22,K,kontrolna,magister,8.2,6,554.1,70.4,61.6,2025-11-18,Krakow
652,25,K,kontrolna,srednie,5.1,8,570.9,65.3,71.1,2025-12-10,Gdansk
653,34,K,eksperymentalna,licencjat,5.0,9,593.8,36.9,45.7,2025-12-21,Lodz
654,35,K,kontrolna,srednie,9.2,3,474.0,62.3,70.4,2025-11-28,Lublin
655,26,K,eksperymentalna,srednie,6.6,3,434.6,70.9,62.5,2025-12-23,Szczecin
656,29,K,eksperymentalna,licencjat,6.6,1,558.7,82.8,71.3,2025-11-09,Lodz
657,25,K,eksperymentalna,magister,5.8,5,492.0,74.6,58.4,2025-11-24,Lublin
658,33,M,kontrolna,srednie,7.6,3,535.8,76.0,66.0,2025-12-08,Wroclaw
659,27,K,kontrolna,srednie,4.9,10,605.3,63.0,61.3,2025-11-15,Szczecin
660,33,K,kontrolna,licencjat,7.8,9,564.2,64.3,66.7,2025-11-27,Gdansk
661,23,M,kontrolna,licencjat,6.4,5,455.2,82.9,66.2,2025-11-11,Krakow
662,20,M,kontrolna,magister,6.9,7,619.4,70.0,80.1,2025-11-13,Wroclaw
663,37,K,kontrolna,doktorat,4.5,9,511.3,65.9,40.1,2025-11-05,Lodz
664,34,K,kontrolna,licencjat,6.5,1,448.6,75.4,62.6,2025-11-06,Szczecin
665,25,M,eksperymentalna,licencjat,8.1,5,540.5,63.4,57.5,2025-11-01,Warszawa
666,25,K,eksperymentalna,doktorat,7.2,4,371.7,69.2,67.2,2025-12-07,Szczecin
667,30,M,eksperymentalna,licencjat,6.7,2,545.4,77.5,67.8,2025-11-18,Gdansk
668,33,K,kontrolna,licencjat,8.4,7,632.0,68.5,62.9,2025-12-20,Lublin
669,38,M,kontrolna,magister,5.7,8,509.8,65.1,97.5,2025-12-17,Warszawa
670,20,K,kontrolna,licencjat,8.2,4,572.0,83.7,95.5,2025-11-02,Poznan
671,34,K,kontrolna,magister,4.6,8,745.2,64.2,53.6,2025-12-22,Lublin
672,20,K,eksperymentalna,srednie,8.2,2,592.6,93.3,55.2,2025-12-01,Wroclaw
673,20,K,kontrolna,magister,,8,539.6,73.4,60.4,2025-12-26,Wroclaw
674,35,K,kontrolna,srednie,4.7,10,642.4,47.3,49.4,2025-11-02,Gdansk
675,32,K,kontrolna,srednie,7.8,3,496.8,60.3,70.6,2025-12-25,Warszawa
676,32,M,kontrolna,magister,,5,545.2,80.2,50.8,2025-11-21,Szczecin
677,29,M,kontrolna,licencjat,5.3,7,435.8,68.0,59.0,2025-11-10,Wroclaw
678,31,K,eksperymentalna,srednie,9.5,4,575.1,71.6,84.9,2025-11-02,Gdansk
679,30,K,kontrolna,magister,6.5,5,681.8,70.8,74.6,2025-11-30,Gdansk
680,20,K,kontrolna,srednie,5.3,2,537.5,59.6,53.2,2025-12-02,Wroclaw
681,20,M,eksperymentalna,licencjat,6.1,6,598.8,80.5,70.2,2025-12-14,Wroclaw
682,35,M,eksperymentalna,licencjat,8.9,9,678.7,70.2,59.9,2025-11-25,Szczecin
683,36,K,kontrolna,magister,4.5,1,592.4,61.8,60.4,2025-11-13,Szczecin
684,33,M,eksperymentalna,srednie,7.2,9,487.3,54.9,53.1,2025-12-19,Warszawa
685,35,M,kontrolna,magister,4.8,10,573.8,52.0,62.8,2025-11-30,Krakow
686,20,M,eksperymentalna,licencjat,7.5,8,561.4,77.3,63.9,2025-12-04,Wroclaw
687,32,K,kontrolna,magister,8.1,3,400.8,63.2,87.6,2025-12-12,Wroclaw
688,25,K,kontrolna,licencjat,5.5,5,508.7,66.4,81.4,2025-12-22,Lodz
689,26,M,eksperymentalna,doktorat,9.5,6,593.9,84.6,69.7,2025-11-08,Szczecin
690,23,K,eksperymentalna,magister,6.0,9,604.4,78.6,50.5,2025-11-20,Krakow
691,28,M,eksperymentalna,doktorat,6.4,1,543.1,86.0,83.0,2025-12-12,Lublin
692,32,K,kontrolna,magister,7.6,6,658.0,64.6,46.0,2025-11-10,Wroclaw
693,22,K,kontrolna,srednie,4.9,1,521.0,82.5,65.6,2025-12-09,Gdansk
694,31,M,kontrolna,licencjat,8.8,4,526.9,75.2,91.6,2025-11-29,Warszawa
695,25,M,eksperymentalna,magister,8.2,4,560.5,69.6,77.8,2025-12-24,Gdansk
696,24,K,kontrolna,magister,8.5,8,536.1,66.1,67.4,2025-11-30,Wroclaw
697,32,K,eksperymentalna,licencjat,6.3,9,465.3,51.1,47.8,2025-11-26,Krakow
698,25,M,eksperymentalna,srednie,6.9,3,487.6,63.4,69.5,2025-11-03,Krakow
699,32,K,eksperymentalna,magister,9.1,8,452.7,69.9,75.7,2025-11-26,Lodz
700,38,K,eksperymentalna,licencjat,6.1,6,646.3,63.2,47.1,2025-12-11,Warszawa
701,30,K,eksperymentalna,licencjat,4.6,3,644.7,61.9,71.2,2025-12-16,Lublin
702,33,M,eksperymentalna,doktorat,6.9,,706.9,62.2,61.6,2025-12-06,Szczecin
703,34,M,kontrolna,srednie,9.2,1,599.4,80.7,81.0,2025-11-21,Wroclaw
704,24,K,kontrolna,licencjat,5.8,7,607.8,63.5,64.3,2025-12-18,Lublin
705,32,M,eksperymentalna,licencjat,7.5,7,379.0,73.0,72.0,2025-12-16,Szczecin
706,29,K,eksperymentalna,magister,7.4,7,484.2,66.6,65.6,2025-12-08,Gdansk
707,34,K,eksperymentalna,licencjat,8.3,1,499.5,71.9,80.3,2025-11-29,Lodz
708,23,M,kontrolna,licencjat,7.4,1,447.1,75.9,71.8,2025-12-01,Poznan
709,27,M,kontrolna,magister,5.4,10,637.1,69.7,63.2,2025-12-11,Warszawa
710,33,K,eksperymentalna,licencjat,9.4,10,512.4,63.0,70.6,2025-11-06,Lublin
711,28,K,eksperymentalna,doktorat,8.1,10,591.0,69.0,73.4,2025-11-11,Szczecin
712,37,M,eksperymentalna,magister,6.6,2,532.4,79.2,87.6,2025-11-18,Lublin
713,22,M,kontrolna,licencjat,5.5,7,495.3,48.5,56.1,2025-11-27,Lublin
714,28,M,eksperymentalna,magister,8.7,10,527.5,78.2,41.5,2025-11-05,Poznan
715,38,K,kontrolna,magister,9.4,4,449.6,72.8,78.2,2025-12-16,Lodz
716,30,K,eksperymentalna,magister,5.2,1,494.8,63.2,54.3,2025-11-08,Szczecin
717,25,M,eksperymentalna,licencjat,4.5,9,596.1,67.7,65.7,2025-11-08,Wroclaw
718,31,K,kontrolna,magister,7.9,2,483.6,87.5,65.8,2025-12-21,Poznan
719,30,M,kontrolna,srednie,7.2,1,586.1,70.3,70.9,2025-11-20,Warszawa
720,28,K,kontrolna,licencjat,9.2,10,613.7,75.8,72.4,2025-11-14,Poznan
721,28,K,kontrolna,magister,6.9,10,406.4,65.3,69.4,2025-11-17,Gdansk
722,34,M,kontrolna,srednie,4.7,3,520.7,68.8,74.4,2025-12-22,Lodz
723,23,M,eksperymentalna,srednie,5.2,9,469.4,,67.4,2025-11-23,Wroclaw
724,22,K,eksperymentalna,licencjat,7.5,7,533.4,71.2,68.1,2025-11-13,Wroclaw
725,28,M,kontrolna,licencjat,6.0,2,636.9,61.9,91.3,2025-11-13,Lodz
726,21,K,eksperymentalna,magister,7.3,3,591.7,65.8,65.1,2025-12-23,Szczecin
727,28,K,kontrolna,magister,5.2,2,537.6,78.0,71.0,2025-12-23,Poznan
728,21,M,kontrolna,licencjat,6.1,2,510.7,80.7,64.6,2025-11-09,Warszawa
729,21,M,eksperymentalna,magister,5.2,9,650.0,53.5,69.6,2025-12-25,Wroclaw
730,35,M,eksperymentalna,doktorat,4.5,9,496.0,73.2,54.4,2025-11-12,Warszawa
731,38,M,kontrolna,licencjat,8.8,5,411.2,74.6,71.4,2025-11-09,Lodz
732,27,M,kontrolna,magister,7.7,1,523.2,86.6,81.8,2025-11-25,Gdansk
733,30,K,kontrolna,magister,6.2,8,647.7,71.3,61.6,2025-11-05,Gdansk
734,31,K,kontrolna,licencjat,6.1,1,698.0,84.2,65.2,2025-11-24,Wroclaw
735,34,M,kontrolna,magister,5.1,6,519.1,53.6,60.7,2025-11-09,Szczecin
736,38,K,eksperymentalna,licencjat,8.9,10,424.1,61.4,87.6,2025-11-27,Krakow
737,28,M,eksperymentalna,licencjat,6.6,8,559.0,74.7,59.2,2025-12-15,Poznan
738,29,M,eksperymentalna,doktorat,9.5,2,549.2,79.6,84.1,2025-11-26,Wroclaw
739,25,M,eksperymentalna,magister,7.1,7,531.5,77.3,56.9,2025-12-01,Lublin
740,24,K,eksperymentalna,magister,4.7,3,651.4,54.3,70.3,2025-11-13,Szczecin
741,29,M,kontrolna,licencjat,6.4,6,627.5,79.9,78.1,2025-11-28,Poznan
742,33,K,kontrolna,licencjat,4.7,9,471.4,53.2,59.9,2025-12-20,Wroclaw
743,21,K,eksperymentalna,magister,6.0,5,511.1,60.7,71.4,2025-11-25,Krakow
744,22,M,eksperymentalna,srednie,6.7,10,490.2,56.5,72.3,2025-12-14,Lodz
745,34,M,eksperymentalna,licencjat,6.2,1,479.9,88.0,57.5,2025-11-17,Gdansk
746,32,M,kontrolna,magister,8.8,2,464.6,63.7,71.2,2025-12-22,Wroclaw
747,35,M,eksperymentalna,srednie,5.5,8,432.2,,65.0,2025-12-14,Krakow
748,31,K,kontrolna,srednie,5.0,6,507.1,67.3,65.2,2025-12-12,Lublin
749,37,M,kontrolna,licencjat,5.6,8,441.8,74.8,73.3,2025-12-14,Lodz
750,36,M,eksperymentalna,licencjat,7.9,1,512.7,98.4,57.4,2025-11-07,Krakow
751,25,K,kontrolna,srednie,5.9,10,588.9,46.4,48.9,2025-11-01,Krakow
752,26,M,eksperymentalna,licencjat,6.2,8,534.3,58.3,76.0,2025-11-29,Lodz
753,20,M,kontrolna,magister,6.6,5,657.0,78.7,50.2,2025-12-12,Lublin
754,37,K,eksperymentalna,magister,8.5,1,533.3,,76.7,2025-11-13,Gdansk
755,23,K,kontrolna,licencjat,9.1,7,648.8,77.5,81.3,2025-12-25,Lodz
756,22,M,eksperymentalna,licencjat,7.8,6,494.1,68.8,56.5,2025-12-20,Gdansk
757,24,K,kontrolna,magister,8.1,1,406.3,72.4,79.3,2025-11-06,Lodz
758,28,K,eksperymentalna,magister,8.8,5,498.0,72.1,66.8,2025-12-24,Lublin
759,30,K,kontrolna,srednie,7.4,4,464.3,66.0,67.4,2025-12-09,Lublin
760,21,M,kontrolna,magister,7.8,10,517.6,62.6,71.4,2025-11-14,Wroclaw
761,28,M,kontrolna,srednie,7.0,5,470.2,66.2,52.9,2025-12-18,Krakow
762,37,M,eksperymentalna,srednie,4.7,1,469.6,59.0,54.4,2025-12-12,Wroclaw
763,21,K,kontrolna,srednie,6.0,3,507.4,72.2,57.9,2025-12-19,Gdansk
764,19,M,kontrolna,magister,7.8,3,658.4,95.3,72.0,2025-12-26,Lodz
765,29,M,eksperymentalna,srednie,6.6,6,464.9,60.4,71.9,2025-11-28,Poznan
766,33,M,eksperymentalna,licencjat,6.7,7,437.8,40.3,75.1,2025-11-12,Krakow
767,24,K,kontrolna,magister,5.2,9,620.3,63.7,59.5,2025-11-13,Krakow
768,23,M,kontrolna,magister,6.7,1,508.0,67.5,85.3,2025-11-05,Poznan
769,38,M,kontrolna,licencjat,8.8,8,468.3,58.5,78.8,2025-12-07,Poznan
770,32,K,eksperymentalna,srednie,7.8,2,520.0,65.6,77.8,2025-12-22,Warszawa
771,27,M,kontrolna,licencjat,8.1,1,642.6,75.0,81.9,2025-11-08,Wroclaw
772,19,K,eksperymentalna,magister,5.2,2,536.8,61.8,74.5,2025-12-22,Poznan
773,27,M,kontrolna,magister,6.4,7,642.2,65.4,70.0,2025-12-01,Gdansk
774,36,K,kontrolna,licencjat,5.6,5,668.4,60.2,77.6,2025-12-02,Krakow
775,33,M,kontrolna,srednie,8.3,5,751.2,73.7,66.4,2025-12-01,Warszawa
776,34,M,eksperymentalna,licencjat,7.0,2,583.7,71.4,53.1,2025-11-23,Gdansk
777,23,M,kontrolna,licencjat,9.1,2,418.2,79.0,84.3,2025-11-29,Warszawa
778,36,M,kontrolna,licencjat,5.3,10,583.2,60.1,60.7,2025-11-08,Wroclaw
779,25,M,eksperymentalna,magister,,9,504.5,69.9,62.8,2025-11-22,Szczecin
780,21,M,eksperymentalna,magister,4.8,3,528.8,63.9,57.1,2025-12-26,Lodz
781,30,K,kontrolna,magister,5.3,1,519.5,72.4,66.3,2025-12-18,Lublin
782,27,K,kontrolna,licencjat,5.5,5,613.2,66.2,60.5,2025-12-13,Szczecin
783,27,M,eksperymentalna,licencjat,8.4,2,692.9,96.3,88.3,2025-12-06,Warszawa
784,31,M,eksperymentalna,doktorat,7.5,9,628.7,63.1,63.2,2025-12-17,Wroclaw
785,21,M,kontrolna,magister,7.5,,630.8,61.8,73.8,2025-12-17,Wroclaw
786,22,M,kontrolna,magister,4.7,4,540.2,51.8,84.5,2025-11-21,Poznan
787,30,M,kontrolna,magister,7.4,,460.0,54.0,60.2,2025-11-13,Szczecin
788,31,M,eksperymentalna,magister,8.4,2,510.6,89.4,71.7,2025-11-29,Wroclaw
789,21,K,eksperymentalna,magister,5.7,7,513.4,57.7,67.6,2025-12-05,Krakow
790,21,M,kontrolna,licencjat,5.9,1,607.2,53.2,66.2,2025-11-11,Krakow
791,34,M,eksperymentalna,licencjat,9.3,8,601.7,69.1,65.5,2025-11-22,Lublin
792,25,K,kontrolna,licencjat,9.2,6,604.0,71.6,69.8,2025-12-25,Szczecin
793,30,M,kontrolna,licencjat,7.4,6,491.1,47.7,87.7,2025-12-13,Krakow
794,28,K,kontrolna,srednie,6.6,8,427.3,65.2,60.1,2025-11-23,Lublin
795,21,M,kontrolna,magister,7.2,7,515.7,65.8,78.7,2025-11-13,Wroclaw
796,22,M,eksperymentalna,licencjat,8.2,1,559.6,83.3,75.6,2025-12-06,Wroclaw
797,28,M,kontrolna,magister,6.2,5,547.2,61.0,53.1,2025-11-29,Poznan
798,32,M,eksperymentalna,magister,8.1,4,297.9,81.6,69.5,2025-12-08,Warszawa
799,25,K,eksperymentalna,magister,5.1,5,769.3,62.0,57.4,2025-11-14,Lublin
800,36,K,kontrolna,doktorat,7.4,8,533.7,72.1,54.8,2025-12-19,Wroclaw
